{
  "trades": 19951,
  "wins": 6184,
  "losses": 12971,
  "win_rate": 0.30995940053130167,
  "expectancy_r": -0.03022404891985364,
  "max_drawdown_r": -1380.0,
  "model_report": {
    "0": {
      "precision": 0.716275659824047,
      "recall": 0.49368367862556845,
      "f1-score": 0.5845049356865091,
      "support": 3958.0
    },
    "1": {
      "precision": 0.3848987108655617,
      "recall": 0.6183431952662722,
      "f1-score": 0.47446083995459704,
      "support": 2028.0
    },
    "accuracy": 0.5359171399933177,
    "macro avg": {
      "precision": 0.5505871853448043,
      "recall": 0.5560134369459203,
      "f1-score": 0.5294828878205531,
      "support": 5986.0
    },
    "weighted avg": {
      "precision": 0.6040082938888969,
      "recall": 0.5359171399933177,
      "f1-score": 0.5472230402397471,
      "support": 5986.0
    }
  }
}