{
  "trades": 19927,
  "wins": 3161,
  "losses": 14988,
  "win_rate": 0.158628995834797,
  "expectancy_r": -0.11762934711697696,
  "max_drawdown_r": -3163.0,
  "model_report": {
    "0": {
      "precision": 0.861254851228978,
      "recall": 0.5374369323915237,
      "f1-score": 0.6618615633155213,
      "support": 4955.0
    },
    "1": {
      "precision": 0.2060962937305161,
      "recall": 0.5810546875,
      "f1-score": 0.30427000767067247,
      "support": 1024.0
    },
    "accuracy": 0.5449071751128951,
    "macro avg": {
      "precision": 0.5336755724797471,
      "recall": 0.5592458099457618,
      "f1-score": 0.48306578549309687,
      "support": 5979.0
    },
    "weighted avg": {
      "precision": 0.7490484015085523,
      "recall": 0.5449071751128951,
      "f1-score": 0.6006182528990093,
      "support": 5979.0
    }
  }
}