{
  "trades": 19879,
  "wins": 2971,
  "losses": 15924,
  "win_rate": 0.14945419789727854,
  "expectancy_r": -0.05377534081191207,
  "max_drawdown_r": -1750.0,
  "model_report": {
    "0": {
      "precision": 0.8828368794326241,
      "recall": 0.6047415468324913,
      "f1-score": 0.7177949486795064,
      "support": 5146.0
    },
    "1": {
      "precision": 0.16605166051660517,
      "recall": 0.49511002444987773,
      "f1-score": 0.2486951182069389,
      "support": 818.0
    },
    "accuracy": 0.5897048960429242,
    "macro avg": {
      "precision": 0.5244442699746147,
      "recall": 0.5499257856411846,
      "f1-score": 0.48324503344322267,
      "support": 5964.0
    },
    "weighted avg": {
      "precision": 0.7845252917275096,
      "recall": 0.5897048960429242,
      "f1-score": 0.6534549652243488,
      "support": 5964.0
    }
  }
}