fold,samples,wins,losses,win_rate,expectancy_r,profit_factor
1,9,4,4,0.4444444444444444,1.7777777777777777,5.0
2,17,5,12,0.29411764705882354,0.7647058823529411,2.0833333333333335
3,15,3,10,0.2,0.3333333333333333,1.5
4,14,4,10,0.2857142857142857,0.7142857142857143,2.0
5,15,3,12,0.2,0.2,1.25
