{
  "trades": 19927,
  "wins": 4448,
  "losses": 14435,
  "win_rate": 0.22321473377829076,
  "expectancy_r": -0.054749836904702164,
  "max_drawdown_r": -2113.0,
  "model_report": {
    "0": {
      "precision": 0.7964049889948642,
      "recall": 0.4812680115273775,
      "f1-score": 0.5999723642393257,
      "support": 4511.0
    },
    "1": {
      "precision": 0.28066400245926837,
      "recall": 0.6219346049046321,
      "f1-score": 0.3867824613429358,
      "support": 1468.0
    },
    "accuracy": 0.515805318615153,
    "macro avg": {
      "precision": 0.5385344957270664,
      "recall": 0.5516013082160048,
      "f1-score": 0.49337741279113073,
      "support": 5979.0
    },
    "weighted avg": {
      "precision": 0.6697771635668237,
      "recall": 0.515805318615153,
      "f1-score": 0.54762869850059,
      "support": 5979.0
    }
  }
}