fold,samples,wins,losses,win_rate,expectancy_r,profit_factor
1,21,9,12,0.42857142857142855,0.7142857142857143,2.25
2,31,10,21,0.3225806451612903,0.2903225806451613,1.4285714285714286
3,34,9,24,0.2647058823529412,0.08823529411764706,1.125
4,33,8,22,0.24242424242424243,0.06060606060606061,1.0909090909090908
5,39,18,20,0.46153846153846156,0.8717948717948718,2.7
