{
  "trades": 19879,
  "wins": 2978,
  "losses": 16031,
  "win_rate": 0.14980632828613108,
  "expectancy_r": -0.05739725338296695,
  "max_drawdown_r": -2119.0,
  "model_report": {
    "0": {
      "precision": 0.8812674094707521,
      "recall": 0.49852274965530824,
      "f1-score": 0.6368096615926532,
      "support": 5077.0
    },
    "1": {
      "precision": 0.17658473479948253,
      "recall": 0.6155580608793687,
      "f1-score": 0.27444081427494343,
      "support": 887.0
    },
    "accuracy": 0.5159289067739772,
    "macro avg": {
      "precision": 0.5289260721351173,
      "recall": 0.5570404052673384,
      "f1-score": 0.4556252379337983,
      "support": 5964.0
    },
    "weighted avg": {
      "precision": 0.7764629942404676,
      "recall": 0.5159289067739772,
      "f1-score": 0.5829161056619341,
      "support": 5964.0
    }
  }
}