fold,samples,wins,losses,win_rate,expectancy_r,profit_factor
1,2,1,1,0.5,2.0,5.0
2,6,1,5,0.16666666666666666,0.0,1.0
3,7,1,5,0.14285714285714285,0.0,1.0
4,1,0,1,0.0,-1.0,0.0
5,6,4,2,0.6666666666666666,3.0,10.0
