{
  "trades": 39758,
  "wins": 3736,
  "losses": 32658,
  "win_rate": 0.09396850948236833,
  "expectancy_r": -0.16364002213391016,
  "max_drawdown_r": -7082.0,
  "model_report": {
    "0": {
      "precision": 0.9269567891742273,
      "recall": 0.5574771108850458,
      "f1-score": 0.6962346962346962,
      "support": 10813.0
    },
    "1": {
      "precision": 0.11797235023041475,
      "recall": 0.5739910313901345,
      "f1-score": 0.19571865443425077,
      "support": 1115.0
    },
    "accuracy": 0.5590207914151576,
    "macro avg": {
      "precision": 0.522464569702321,
      "recall": 0.5657340711375902,
      "f1-score": 0.4459766753344735,
      "support": 11928.0
    },
    "weighted avg": {
      "precision": 0.8513349205103817,
      "recall": 0.5590207914151576,
      "f1-score": 0.6494476919919484,
      "support": 11928.0
    }
  }
}