{
  "trades": 19879,
  "wins": 2999,
  "losses": 15946,
  "win_rate": 0.15086271945268875,
  "expectancy_r": -0.047839428542683235,
  "max_drawdown_r": -2098.0,
  "model_report": {
    "0": {
      "precision": 0.8899736147757256,
      "recall": 0.6575048732943469,
      "f1-score": 0.7562780269058296,
      "support": 5130.0
    },
    "1": {
      "precision": 0.19181232750689972,
      "recall": 0.5,
      "f1-score": 0.27726063829787234,
      "support": 834.0
    },
    "accuracy": 0.6354795439302482,
    "macro avg": {
      "precision": 0.5408929711413126,
      "recall": 0.5787524366471735,
      "f1-score": 0.516769332601851,
      "support": 5964.0
    },
    "weighted avg": {
      "precision": 0.7923434146445719,
      "recall": 0.6354795439302481,
      "f1-score": 0.6892926979153808,
      "support": 5964.0
    }
  }
}