{
  "trades": 9818,
  "wins": 172,
  "losses": 8013,
  "win_rate": 0.017518842941535953,
  "expectancy_r": -0.6409655734365451,
  "max_drawdown_r": -6356.0,
  "model_report": {
    "0": {
      "precision": 0.986724076067456,
      "recall": 0.9463179628355127,
      "f1-score": 0.9660987177235201,
      "support": 2906.0
    },
    "1": {
      "precision": 0.018867924528301886,
      "recall": 0.075,
      "f1-score": 0.03015075376884422,
      "support": 40.0
    },
    "accuracy": 0.9344874405974203,
    "macro avg": {
      "precision": 0.502796000297879,
      "recall": 0.5106589814177563,
      "f1-score": 0.49812473574618216,
      "support": 2946.0
    },
    "weighted avg": {
      "precision": 0.9735827841253086,
      "recall": 0.9344874405974203,
      "f1-score": 0.9533906666175502,
      "support": 2946.0
    }
  }
}