{
  "trades": 9878,
  "wins": 1032,
  "losses": 7627,
  "win_rate": 0.10447458999797529,
  "expectancy_r": -0.24974691233043125,
  "max_drawdown_r": -2581.0,
  "model_report": {
    "0": {
      "precision": 0.9022108843537415,
      "recall": 0.7926783713111692,
      "f1-score": 0.8439053489759395,
      "support": 2677.0
    },
    "1": {
      "precision": 0.09313725490196079,
      "recall": 0.1986062717770035,
      "f1-score": 0.12680756395995552,
      "support": 287.0
    },
    "accuracy": 0.7351551956815114,
    "macro avg": {
      "precision": 0.49767406962785116,
      "recall": 0.4956423215440864,
      "f1-score": 0.4853564564679475,
      "support": 2964.0
    },
    "weighted avg": {
      "precision": 0.8238694094371892,
      "recall": 0.7351551956815114,
      "f1-score": 0.7744697672284403,
      "support": 2964.0
    }
  }
}