{
  "trades": 19951,
  "wins": 4915,
  "losses": 13665,
  "win_rate": 0.24635356623728133,
  "expectancy_r": -0.06904415818755952,
  "max_drawdown_r": -2156.0,
  "model_report": {
    "0": {
      "precision": 0.7725834797891037,
      "recall": 0.5054035410439182,
      "f1-score": 0.6110647762023909,
      "support": 4349.0
    },
    "1": {
      "precision": 0.3151862464183381,
      "recall": 0.6047648136835675,
      "f1-score": 0.4143993302637087,
      "support": 1637.0
    },
    "accuracy": 0.5325760106916138,
    "macro avg": {
      "precision": 0.5438848631037209,
      "recall": 0.5550841773637428,
      "f1-score": 0.5127320532330497,
      "support": 5986.0
    },
    "weighted avg": {
      "precision": 0.6474984027714051,
      "recall": 0.5325760106916138,
      "f1-score": 0.55728239481221,
      "support": 5986.0
    }
  }
}