{
  "trades": 5918,
  "wins": 392,
  "losses": 4210,
  "win_rate": 0.06623859411963501,
  "expectancy_r": -0.3801960121662724,
  "max_drawdown_r": -2427.0,
  "model_report": {
    "0": {
      "precision": 0.9288732394366197,
      "recall": 0.7955367913148371,
      "f1-score": 0.857050032488629,
      "support": 1658.0
    },
    "1": {
      "precision": 0.047752808988764044,
      "recall": 0.1440677966101695,
      "f1-score": 0.07172995780590717,
      "support": 118.0
    },
    "accuracy": 0.7522522522522522,
    "macro avg": {
      "precision": 0.48831302421269185,
      "recall": 0.4698022939625033,
      "f1-score": 0.4643899951472681,
      "support": 1776.0
    },
    "weighted avg": {
      "precision": 0.8703303279541609,
      "recall": 0.7522522522522522,
      "f1-score": 0.8048722347338085,
      "support": 1776.0
    }
  }
}