{
  "trades": 19879,
  "wins": 939,
  "losses": 16469,
  "win_rate": 0.04723577644750742,
  "expectancy_r": -0.3561044318124654,
  "max_drawdown_r": -7079.0,
  "model_report": {
    "0": {
      "precision": 0.9633113828786454,
      "recall": 0.7234192864712116,
      "f1-score": 0.8263062336090378,
      "support": 5662.0
    },
    "1": {
      "precision": 0.0852803738317757,
      "recall": 0.48344370860927155,
      "f1-score": 0.14498510427010924,
      "support": 302.0
    },
    "accuracy": 0.7112676056338029,
    "macro avg": {
      "precision": 0.5242958783552105,
      "recall": 0.6034314975402415,
      "f1-score": 0.4856456689395735,
      "support": 5964.0
    },
    "weighted avg": {
      "precision": 0.9188503894627912,
      "recall": 0.7112676056338029,
      "f1-score": 0.7918060691119961,
      "support": 5964.0
    }
  }
}